{"cameraMode":{"drawMode":0,"name":"Shaded","section":"Shading Mode"},"sceneLighting":true,"audioPlay":false,"sceneViewState":{"showFog":true,"showMaterialUpdate":false,"showSkybox":true,"showFlares":true,"showImageEffects":true,"showParticleSystems":true},"in2DMode":false,"pivot":{"x":56.23963928222656,"y":156.02786254882813,"z":-155.47021484375},"rotation":{"x":-0.11090526729822159,"y":0.4499751925468445,"z":-0.05656210333108902,"w":-0.8844371438026428},"size":183.94151306152345,"orthographic":false}